LOCATION,INDICATOR,SUBJECT,MEASURE,FREQUENCY,TIME,Value,Flag Codes
AUT,FPOP,TOT,PC_POP,A,2000,8.7,
AUT,FPOP,TOT,PC_POP,A,2001,8.8,
AUT,FPOP,TOT,PC_POP,A,2002,9.1,
AUT,FPOP,TOT,PC_POP,A,2003,9.2,
AUT,FPOP,TOT,PC_POP,A,2004,9.2,
AUT,FPOP,TOT,PC_POP,A,2005,9.4,
AUT,FPOP,TOT,PC_POP,A,2006,9.6,
AUT,FPOP,TOT,PC_POP,A,2007,9.7,
AUT,FPOP,TOT,PC_POP,A,2008,10,
AUT,FPOP,TOT,PC_POP,A,2009,10.3,
AUT,FPOP,TOT,PC_POP,A,2010,10.5,
AUT,FPOP,TOT,PC_POP,A,2011,10.8,
AUT,FPOP,TOT,PC_POP,A,2012,11.3,
AUT,FPOP,TOT,PC_POP,A,2013,11.8,
AUT,FPOP,TOT,PC_POP,A,2014,12.5,
AUT,FPOP,TOT,PC_POP,A,2015,13.4,
AUT,FPOP,TOT,PC_POP,A,2016,14.6,
AUT,FPOP,TOT,PC_POP,A,2017,15.4,
AUT,FPOP,TOT,PC_POP,A,2018,16,
AUT,FPOP,TOT,PC_POP,A,2019,16.1,
BEL,FPOP,TOT,PC_POP,A,2000,8.8,
BEL,FPOP,TOT,PC_POP,A,2001,8.4,
BEL,FPOP,TOT,PC_POP,A,2002,8.2,
BEL,FPOP,TOT,PC_POP,A,2003,8.2,
BEL,FPOP,TOT,PC_POP,A,2004,8.2,
BEL,FPOP,TOT,PC_POP,A,2005,8.2,
BEL,FPOP,TOT,PC_POP,A,2006,8.5,
BEL,FPOP,TOT,PC_POP,A,2007,8.7,
BEL,FPOP,TOT,PC_POP,A,2008,9,
BEL,FPOP,TOT,PC_POP,A,2009,9.3,
BEL,FPOP,TOT,PC_POP,A,2010,9.7,
BEL,FPOP,TOT,PC_POP,A,2011,10.2,
BEL,FPOP,TOT,PC_POP,A,2012,10.6,
BEL,FPOP,TOT,PC_POP,A,2013,11.3,
BEL,FPOP,TOT,PC_POP,A,2014,11.3,
BEL,FPOP,TOT,PC_POP,A,2015,11.3,
BEL,FPOP,TOT,PC_POP,A,2016,11.7,
BEL,FPOP,TOT,PC_POP,A,2017,12,
BEL,FPOP,TOT,PC_POP,A,2018,12.1,
BEL,FPOP,TOT,PC_POP,A,2019,12.3,
DNK,FPOP,TOT,PC_POP,A,2000,4.9,
DNK,FPOP,TOT,PC_POP,A,2001,4.8,
DNK,FPOP,TOT,PC_POP,A,2002,5,
DNK,FPOP,TOT,PC_POP,A,2003,4.9,
DNK,FPOP,TOT,PC_POP,A,2004,5,
DNK,FPOP,TOT,PC_POP,A,2005,4.9,
DNK,FPOP,TOT,PC_POP,A,2006,5,
DNK,FPOP,TOT,PC_POP,A,2007,5.1,
DNK,FPOP,TOT,PC_POP,A,2008,5.4,
DNK,FPOP,TOT,PC_POP,A,2009,5.8,
DNK,FPOP,TOT,PC_POP,A,2010,5.9,
DNK,FPOP,TOT,PC_POP,A,2011,6.2,
DNK,FPOP,TOT,PC_POP,A,2012,6.4,
DNK,FPOP,TOT,PC_POP,A,2013,6.7,
DNK,FPOP,TOT,PC_POP,A,2014,7,
DNK,FPOP,TOT,PC_POP,A,2015,7.5,
DNK,FPOP,TOT,PC_POP,A,2016,8.1,
DNK,FPOP,TOT,PC_POP,A,2017,8.5,
DNK,FPOP,TOT,PC_POP,A,2018,8.8,
DNK,FPOP,TOT,PC_POP,A,2019,9.1,
FIN,FPOP,TOT,PC_POP,A,2000,1.7,
FIN,FPOP,TOT,PC_POP,A,2001,1.8,
FIN,FPOP,TOT,PC_POP,A,2002,1.9,
FIN,FPOP,TOT,PC_POP,A,2003,2,
FIN,FPOP,TOT,PC_POP,A,2004,2,
FIN,FPOP,TOT,PC_POP,A,2005,2.1,
FIN,FPOP,TOT,PC_POP,A,2006,2.2,
FIN,FPOP,TOT,PC_POP,A,2007,2.3,
FIN,FPOP,TOT,PC_POP,A,2008,2.5,
FIN,FPOP,TOT,PC_POP,A,2009,2.7,
FIN,FPOP,TOT,PC_POP,A,2010,2.9,
FIN,FPOP,TOT,PC_POP,A,2011,3.1,
FIN,FPOP,TOT,PC_POP,A,2012,3.4,
FIN,FPOP,TOT,PC_POP,A,2013,3.6,
FIN,FPOP,TOT,PC_POP,A,2014,3.8,
FIN,FPOP,TOT,PC_POP,A,2015,4,
FIN,FPOP,TOT,PC_POP,A,2016,4.2,
FIN,FPOP,TOT,PC_POP,A,2017,4.4,
FIN,FPOP,TOT,PC_POP,A,2018,4.5,
FIN,FPOP,TOT,PC_POP,A,2019,4.7,
DEU,FPOP,TOT,PC_POP,A,2000,8.9,
DEU,FPOP,TOT,PC_POP,A,2001,8.9,
DEU,FPOP,TOT,PC_POP,A,2002,8.9,
DEU,FPOP,TOT,PC_POP,A,2003,8.9,
DEU,FPOP,TOT,PC_POP,A,2004,9,
DEU,FPOP,TOT,PC_POP,A,2005,8.3,
DEU,FPOP,TOT,PC_POP,A,2006,8.3,
DEU,FPOP,TOT,PC_POP,A,2007,8.4,
DEU,FPOP,TOT,PC_POP,A,2008,8.4,
DEU,FPOP,TOT,PC_POP,A,2009,8.4,
DEU,FPOP,TOT,PC_POP,A,2010,8.3,
DEU,FPOP,TOT,PC_POP,A,2011,8.4,
DEU,FPOP,TOT,PC_POP,A,2012,8.6,
DEU,FPOP,TOT,PC_POP,A,2013,9,
DEU,FPOP,TOT,PC_POP,A,2014,9.5,
DEU,FPOP,TOT,PC_POP,A,2015,10.1,
DEU,FPOP,TOT,PC_POP,A,2016,11.1,
DEU,FPOP,TOT,PC_POP,A,2017,12.2,
DEU,FPOP,TOT,PC_POP,A,2018,12.9,
DEU,FPOP,TOT,PC_POP,A,2019,13.1,
HUN,FPOP,TOT,PC_POP,A,2000,1.5,
HUN,FPOP,TOT,PC_POP,A,2001,1.1,
HUN,FPOP,TOT,PC_POP,A,2002,1.1,
HUN,FPOP,TOT,PC_POP,A,2003,1.1,
HUN,FPOP,TOT,PC_POP,A,2004,1.3,
HUN,FPOP,TOT,PC_POP,A,2005,1.4,
HUN,FPOP,TOT,PC_POP,A,2006,1.5,
HUN,FPOP,TOT,PC_POP,A,2007,1.7,
HUN,FPOP,TOT,PC_POP,A,2008,1.7,
HUN,FPOP,TOT,PC_POP,A,2009,1.8,
HUN,FPOP,TOT,PC_POP,A,2010,2,
HUN,FPOP,TOT,PC_POP,A,2011,2.1,
HUN,FPOP,TOT,PC_POP,A,2012,1.4,
HUN,FPOP,TOT,PC_POP,A,2013,1.4,
HUN,FPOP,TOT,PC_POP,A,2014,1.4,
HUN,FPOP,TOT,PC_POP,A,2015,1.5,
HUN,FPOP,TOT,PC_POP,A,2016,1.6,
HUN,FPOP,TOT,PC_POP,A,2017,1.6,
HUN,FPOP,TOT,PC_POP,A,2018,1.7,
HUN,FPOP,TOT,PC_POP,A,2019,1.9,
IRL,FPOP,TOT,PC_POP,A,2000,3.1,
IRL,FPOP,TOT,PC_POP,A,2003,5.6,
IRL,FPOP,TOT,PC_POP,A,2007,9.4,
IRL,FPOP,TOT,PC_POP,A,2008,11.6,
IRL,FPOP,TOT,PC_POP,A,2009,12.6,
IRL,FPOP,TOT,PC_POP,A,2010,12.5,
IRL,FPOP,TOT,PC_POP,A,2011,12.9,
IRL,FPOP,TOT,PC_POP,A,2012,11.5,
IRL,FPOP,TOT,PC_POP,A,2013,11.8,
IRL,FPOP,TOT,PC_POP,A,2014,11.9,
IRL,FPOP,TOT,PC_POP,A,2015,12,
IRL,FPOP,TOT,PC_POP,A,2016,12.9,
IRL,FPOP,TOT,PC_POP,A,2017,11.9,
IRL,FPOP,TOT,PC_POP,A,2018,12.4,
IRL,FPOP,TOT,PC_POP,A,2019,12.8,
ITA,FPOP,TOT,PC_POP,A,2000,2.2,
ITA,FPOP,TOT,PC_POP,A,2001,2.4,
ITA,FPOP,TOT,PC_POP,A,2002,2.5,
ITA,FPOP,TOT,PC_POP,A,2003,2.7,
ITA,FPOP,TOT,PC_POP,A,2004,3.4,
ITA,FPOP,TOT,PC_POP,A,2005,4.1,
ITA,FPOP,TOT,PC_POP,A,2006,4.5,
ITA,FPOP,TOT,PC_POP,A,2007,5,
ITA,FPOP,TOT,PC_POP,A,2008,5.8,
ITA,FPOP,TOT,PC_POP,A,2009,5.7,
ITA,FPOP,TOT,PC_POP,A,2010,6.1,
ITA,FPOP,TOT,PC_POP,A,2011,6.5,
ITA,FPOP,TOT,PC_POP,A,2012,6.8,
ITA,FPOP,TOT,PC_POP,A,2013,7.3,
ITA,FPOP,TOT,PC_POP,A,2014,8.2,
ITA,FPOP,TOT,PC_POP,A,2015,8.4,
ITA,FPOP,TOT,PC_POP,A,2016,8.5,
ITA,FPOP,TOT,PC_POP,A,2017,8.5,
ITA,FPOP,TOT,PC_POP,A,2018,8.7,
ITA,FPOP,TOT,PC_POP,A,2019,8.7,
JPN,FPOP,TOT,PC_POP,A,2000,1.2,
JPN,FPOP,TOT,PC_POP,A,2001,1.3,
JPN,FPOP,TOT,PC_POP,A,2002,1.4,
JPN,FPOP,TOT,PC_POP,A,2003,1.5,
JPN,FPOP,TOT,PC_POP,A,2004,1.5,
JPN,FPOP,TOT,PC_POP,A,2005,1.6,
JPN,FPOP,TOT,PC_POP,A,2006,1.6,
JPN,FPOP,TOT,PC_POP,A,2007,1.6,
JPN,FPOP,TOT,PC_POP,A,2008,1.7,
JPN,FPOP,TOT,PC_POP,A,2009,1.7,
JPN,FPOP,TOT,PC_POP,A,2010,1.7,
JPN,FPOP,TOT,PC_POP,A,2011,1.7,
JPN,FPOP,TOT,PC_POP,A,2012,1.6,
JPN,FPOP,TOT,PC_POP,A,2013,1.6,
JPN,FPOP,TOT,PC_POP,A,2014,1.6,
JPN,FPOP,TOT,PC_POP,A,2015,1.7,
JPN,FPOP,TOT,PC_POP,A,2016,1.7,
JPN,FPOP,TOT,PC_POP,A,2017,1.9,
JPN,FPOP,TOT,PC_POP,A,2018,2,
JPN,FPOP,TOT,PC_POP,A,2019,2.2,
KOR,FPOP,TOT,PC_POP,A,2000,0.4,
KOR,FPOP,TOT,PC_POP,A,2001,0.5,
KOR,FPOP,TOT,PC_POP,A,2002,0.6,
KOR,FPOP,TOT,PC_POP,A,2003,1,
KOR,FPOP,TOT,PC_POP,A,2004,1,
KOR,FPOP,TOT,PC_POP,A,2005,1.1,
KOR,FPOP,TOT,PC_POP,A,2006,1.4,
KOR,FPOP,TOT,PC_POP,A,2007,1.7,
KOR,FPOP,TOT,PC_POP,A,2008,1.8,
KOR,FPOP,TOT,PC_POP,A,2009,1.9,
KOR,FPOP,TOT,PC_POP,A,2010,2,
KOR,FPOP,TOT,PC_POP,A,2011,2,
KOR,FPOP,TOT,PC_POP,A,2012,1.9,
KOR,FPOP,TOT,PC_POP,A,2013,2,
KOR,FPOP,TOT,PC_POP,A,2014,2.2,
KOR,FPOP,TOT,PC_POP,A,2015,2.3,
KOR,FPOP,TOT,PC_POP,A,2016,2.3,
KOR,FPOP,TOT,PC_POP,A,2017,2.3,
KOR,FPOP,TOT,PC_POP,A,2018,2.3,
KOR,FPOP,TOT,PC_POP,A,2019,2.4,
LUX,FPOP,TOT,PC_POP,A,2000,36,
LUX,FPOP,TOT,PC_POP,A,2001,37.3,
LUX,FPOP,TOT,PC_POP,A,2002,37.8,
LUX,FPOP,TOT,PC_POP,A,2003,38.3,
LUX,FPOP,TOT,PC_POP,A,2004,39.3,
LUX,FPOP,TOT,PC_POP,A,2005,40.1,
LUX,FPOP,TOT,PC_POP,A,2006,41.1,
LUX,FPOP,TOT,PC_POP,A,2007,41.8,
LUX,FPOP,TOT,PC_POP,A,2008,42.4,
LUX,FPOP,TOT,PC_POP,A,2009,43.4,
LUX,FPOP,TOT,PC_POP,A,2010,42.6,
LUX,FPOP,TOT,PC_POP,A,2011,42.4,
LUX,FPOP,TOT,PC_POP,A,2012,43.2,
LUX,FPOP,TOT,PC_POP,A,2013,43.8,
LUX,FPOP,TOT,PC_POP,A,2014,44.7,
LUX,FPOP,TOT,PC_POP,A,2015,45.6,
LUX,FPOP,TOT,PC_POP,A,2016,46.8,
LUX,FPOP,TOT,PC_POP,A,2017,48.2,
LUX,FPOP,TOT,PC_POP,A,2018,48.8,
LUX,FPOP,TOT,PC_POP,A,2019,47.3,
NLD,FPOP,TOT,PC_POP,A,2000,4.1,
NLD,FPOP,TOT,PC_POP,A,2001,4.2,
NLD,FPOP,TOT,PC_POP,A,2002,4.3,
NLD,FPOP,TOT,PC_POP,A,2003,4.3,
NLD,FPOP,TOT,PC_POP,A,2004,4.3,
NLD,FPOP,TOT,PC_POP,A,2005,4.3,
NLD,FPOP,TOT,PC_POP,A,2006,4.2,
NLD,FPOP,TOT,PC_POP,A,2007,4.1,
NLD,FPOP,TOT,PC_POP,A,2008,4.2,
NLD,FPOP,TOT,PC_POP,A,2009,4.3,
NLD,FPOP,TOT,PC_POP,A,2010,4.4,
NLD,FPOP,TOT,PC_POP,A,2011,4.6,
NLD,FPOP,TOT,PC_POP,A,2012,4.7,
NLD,FPOP,TOT,PC_POP,A,2013,4.7,
NLD,FPOP,TOT,PC_POP,A,2014,4.8,
NLD,FPOP,TOT,PC_POP,A,2015,5,
NLD,FPOP,TOT,PC_POP,A,2016,5.3,
NLD,FPOP,TOT,PC_POP,A,2017,5.7,
NLD,FPOP,TOT,PC_POP,A,2018,6.1,
NLD,FPOP,TOT,PC_POP,A,2019,6.5,
NOR,FPOP,TOT,PC_POP,A,2000,3.7,
NOR,FPOP,TOT,PC_POP,A,2001,4,
NOR,FPOP,TOT,PC_POP,A,2002,4.1,
NOR,FPOP,TOT,PC_POP,A,2003,4.4,
NOR,FPOP,TOT,PC_POP,A,2004,4.5,
NOR,FPOP,TOT,PC_POP,A,2005,4.6,
NOR,FPOP,TOT,PC_POP,A,2006,4.8,
NOR,FPOP,TOT,PC_POP,A,2007,5.1,
NOR,FPOP,TOT,PC_POP,A,2008,5.6,
NOR,FPOP,TOT,PC_POP,A,2009,6.3,
NOR,FPOP,TOT,PC_POP,A,2010,6.8,
NOR,FPOP,TOT,PC_POP,A,2011,7.5,
NOR,FPOP,TOT,PC_POP,A,2012,8.1,
NOR,FPOP,TOT,PC_POP,A,2013,8.8,
NOR,FPOP,TOT,PC_POP,A,2014,9.4,
NOR,FPOP,TOT,PC_POP,A,2015,9.8,
NOR,FPOP,TOT,PC_POP,A,2016,10.2,
NOR,FPOP,TOT,PC_POP,A,2017,10.5,
NOR,FPOP,TOT,PC_POP,A,2018,10.6,
NOR,FPOP,TOT,PC_POP,A,2019,10.9,
PRT,FPOP,TOT,PC_POP,A,2000,1.9,
PRT,FPOP,TOT,PC_POP,A,2001,2.1,
PRT,FPOP,TOT,PC_POP,A,2002,3.5,
PRT,FPOP,TOT,PC_POP,A,2003,4,
PRT,FPOP,TOT,PC_POP,A,2004,4.2,
PRT,FPOP,TOT,PC_POP,A,2005,4.3,
PRT,FPOP,TOT,PC_POP,A,2006,4,
PRT,FPOP,TOT,PC_POP,A,2007,4.1,
PRT,FPOP,TOT,PC_POP,A,2008,4.2,
PRT,FPOP,TOT,PC_POP,A,2009,4.2,
PRT,FPOP,TOT,PC_POP,A,2010,4.3,
PRT,FPOP,TOT,PC_POP,A,2011,4.2,
PRT,FPOP,TOT,PC_POP,A,2012,4.2,
PRT,FPOP,TOT,PC_POP,A,2013,4,
PRT,FPOP,TOT,PC_POP,A,2014,3.9,
PRT,FPOP,TOT,PC_POP,A,2015,3.8,
PRT,FPOP,TOT,PC_POP,A,2016,3.7,
PRT,FPOP,TOT,PC_POP,A,2017,3.9,
PRT,FPOP,TOT,PC_POP,A,2018,4.1,
PRT,FPOP,TOT,PC_POP,A,2019,4.7,
SVK,FPOP,TOT,PC_POP,A,2000,0.5,
SVK,FPOP,TOT,PC_POP,A,2001,0.5,
SVK,FPOP,TOT,PC_POP,A,2002,0.5,
SVK,FPOP,TOT,PC_POP,A,2003,0.5,
SVK,FPOP,TOT,PC_POP,A,2004,0.5,
SVK,FPOP,TOT,PC_POP,A,2005,0.4,
SVK,FPOP,TOT,PC_POP,A,2006,0.5,
SVK,FPOP,TOT,PC_POP,A,2007,0.6,
SVK,FPOP,TOT,PC_POP,A,2008,0.8,
SVK,FPOP,TOT,PC_POP,A,2009,1,
SVK,FPOP,TOT,PC_POP,A,2010,1.2,
SVK,FPOP,TOT,PC_POP,A,2011,1.3,
SVK,FPOP,TOT,PC_POP,A,2012,1,
SVK,FPOP,TOT,PC_POP,A,2013,1,
SVK,FPOP,TOT,PC_POP,A,2014,1.1,
SVK,FPOP,TOT,PC_POP,A,2015,1.1,
SVK,FPOP,TOT,PC_POP,A,2016,1.2,
SVK,FPOP,TOT,PC_POP,A,2017,1.3,
SVK,FPOP,TOT,PC_POP,A,2018,1.3,
SVK,FPOP,TOT,PC_POP,A,2019,1.4,
SWE,FPOP,TOT,PC_POP,A,2000,5.5,
SWE,FPOP,TOT,PC_POP,A,2001,5.4,
SWE,FPOP,TOT,PC_POP,A,2002,5.3,
SWE,FPOP,TOT,PC_POP,A,2003,5.3,
SWE,FPOP,TOT,PC_POP,A,2004,5.3,
SWE,FPOP,TOT,PC_POP,A,2005,5.3,
SWE,FPOP,TOT,PC_POP,A,2006,5.3,
SWE,FPOP,TOT,PC_POP,A,2007,5.4,
SWE,FPOP,TOT,PC_POP,A,2008,5.7,
SWE,FPOP,TOT,PC_POP,A,2009,6,
SWE,FPOP,TOT,PC_POP,A,2010,6.4,
SWE,FPOP,TOT,PC_POP,A,2011,6.7,
SWE,FPOP,TOT,PC_POP,A,2012,6.9,
SWE,FPOP,TOT,PC_POP,A,2013,6.9,
SWE,FPOP,TOT,PC_POP,A,2014,7.2,
SWE,FPOP,TOT,PC_POP,A,2015,7.6,
SWE,FPOP,TOT,PC_POP,A,2016,8,
SWE,FPOP,TOT,PC_POP,A,2017,8.6,
SWE,FPOP,TOT,PC_POP,A,2018,9,
SWE,FPOP,TOT,PC_POP,A,2019,9.3,
CHE,FPOP,TOT,PC_POP,A,2000,19.2,
CHE,FPOP,TOT,PC_POP,A,2001,19.3,
CHE,FPOP,TOT,PC_POP,A,2002,19.6,
CHE,FPOP,TOT,PC_POP,A,2003,19.9,
CHE,FPOP,TOT,PC_POP,A,2004,20,
CHE,FPOP,TOT,PC_POP,A,2005,20.2,
CHE,FPOP,TOT,PC_POP,A,2006,20.2,
CHE,FPOP,TOT,PC_POP,A,2007,20.2,
CHE,FPOP,TOT,PC_POP,A,2008,20.5,
CHE,FPOP,TOT,PC_POP,A,2009,21.2,
CHE,FPOP,TOT,PC_POP,A,2010,21.5,
CHE,FPOP,TOT,PC_POP,A,2011,21.7,
CHE,FPOP,TOT,PC_POP,A,2012,22.1,
CHE,FPOP,TOT,PC_POP,A,2013,22.5,
CHE,FPOP,TOT,PC_POP,A,2014,23,
CHE,FPOP,TOT,PC_POP,A,2015,23.5,
CHE,FPOP,TOT,PC_POP,A,2016,23.7,
CHE,FPOP,TOT,PC_POP,A,2017,23.9,
CHE,FPOP,TOT,PC_POP,A,2018,24,
CHE,FPOP,TOT,PC_POP,A,2019,24.2,
GBR,FPOP,TOT,PC_POP,A,2000,3.8,
GBR,FPOP,TOT,PC_POP,A,2001,4,
GBR,FPOP,TOT,PC_POP,A,2002,4.4,
GBR,FPOP,TOT,PC_POP,A,2003,4.4,
GBR,FPOP,TOT,PC_POP,A,2004,4.6,
GBR,FPOP,TOT,PC_POP,A,2005,4.7,
GBR,FPOP,TOT,PC_POP,A,2006,5.6,
GBR,FPOP,TOT,PC_POP,A,2007,6.3,
GBR,FPOP,TOT,PC_POP,A,2008,6.8,
GBR,FPOP,TOT,PC_POP,A,2009,7,
GBR,FPOP,TOT,PC_POP,A,2010,7.2,
GBR,FPOP,TOT,PC_POP,A,2011,7.6,
GBR,FPOP,TOT,PC_POP,A,2012,7.5,
GBR,FPOP,TOT,PC_POP,A,2013,7.7,
GBR,FPOP,TOT,PC_POP,A,2014,8,
GBR,FPOP,TOT,PC_POP,A,2015,8.6,
GBR,FPOP,TOT,PC_POP,A,2016,9,
GBR,FPOP,TOT,PC_POP,A,2017,9.3,
GBR,FPOP,TOT,PC_POP,A,2018,9,
USA,FPOP,TOT,PC_POP,A,2002,6.5,
USA,FPOP,TOT,PC_POP,A,2003,7.1,
USA,FPOP,TOT,PC_POP,A,2004,7,
USA,FPOP,TOT,PC_POP,A,2005,6.7,
USA,FPOP,TOT,PC_POP,A,2006,7,
USA,FPOP,TOT,PC_POP,A,2007,7.2,
USA,FPOP,TOT,PC_POP,A,2008,7.2,
USA,FPOP,TOT,PC_POP,A,2009,7.1,
USA,FPOP,TOT,PC_POP,A,2010,7,
USA,FPOP,TOT,PC_POP,A,2011,7.2,
USA,FPOP,TOT,PC_POP,A,2012,7.1,
USA,FPOP,TOT,PC_POP,A,2013,7,
USA,FPOP,TOT,PC_POP,A,2014,6.9,
USA,FPOP,TOT,PC_POP,A,2015,6.9,
USA,FPOP,TOT,PC_POP,A,2016,7,
USA,FPOP,TOT,PC_POP,A,2017,6.9,
SVN,FPOP,TOT,PC_POP,A,2008,3.4,
SVN,FPOP,TOT,PC_POP,A,2009,3.5,
SVN,FPOP,TOT,PC_POP,A,2010,4.9,
SVN,FPOP,TOT,PC_POP,A,2011,4.6,
SVN,FPOP,TOT,PC_POP,A,2012,4.9,
SVN,FPOP,TOT,PC_POP,A,2013,5,
SVN,FPOP,TOT,PC_POP,A,2014,5.4,
SVN,FPOP,TOT,PC_POP,A,2015,5.7,
SVN,FPOP,TOT,PC_POP,A,2016,6.1,
SVN,FPOP,TOT,PC_POP,A,2017,7.3,
SVN,FPOP,TOT,PC_POP,A,2018,5.9,
SVN,FPOP,TOT,PC_POP,A,2019,6.6,
CZE,FPOP,TOT,PC_POP,A,2000,2.2,
CZE,FPOP,TOT,PC_POP,A,2001,1.9,
CZE,FPOP,TOT,PC_POP,A,2002,2.1,
CZE,FPOP,TOT,PC_POP,A,2003,2.3,
CZE,FPOP,TOT,PC_POP,A,2004,2.4,
CZE,FPOP,TOT,PC_POP,A,2005,2.5,
CZE,FPOP,TOT,PC_POP,A,2006,2.7,
CZE,FPOP,TOT,PC_POP,A,2007,3.1,
CZE,FPOP,TOT,PC_POP,A,2008,3.8,
CZE,FPOP,TOT,PC_POP,A,2009,4.2,
CZE,FPOP,TOT,PC_POP,A,2010,4.1,
CZE,FPOP,TOT,PC_POP,A,2011,4,
CZE,FPOP,TOT,PC_POP,A,2012,4.1,
CZE,FPOP,TOT,PC_POP,A,2013,4.1,
CZE,FPOP,TOT,PC_POP,A,2014,4.2,
CZE,FPOP,TOT,PC_POP,A,2015,4.3,
CZE,FPOP,TOT,PC_POP,A,2016,4.4,
CZE,FPOP,TOT,PC_POP,A,2017,4.6,
CZE,FPOP,TOT,PC_POP,A,2018,4.9,
CZE,FPOP,TOT,PC_POP,A,2019,5.3,
FRA,FPOP,TOT,PC_POP,A,2000,5.6,
FRA,FPOP,TOT,PC_POP,A,2006,5.7,
FRA,FPOP,TOT,PC_POP,A,2007,6,
FRA,FPOP,TOT,PC_POP,A,2008,6,
FRA,FPOP,TOT,PC_POP,A,2009,6,
FRA,FPOP,TOT,PC_POP,A,2010,6.1,
FRA,FPOP,TOT,PC_POP,A,2011,6.2,
FRA,FPOP,TOT,PC_POP,A,2012,6.3,
FRA,FPOP,TOT,PC_POP,A,2013,6.4,
FRA,FPOP,TOT,PC_POP,A,2014,6.6,
FRA,FPOP,TOT,PC_POP,A,2015,6.7,
FRA,FPOP,TOT,PC_POP,A,2016,6.8,
FRA,FPOP,TOT,PC_POP,A,2017,7,
FRA,FPOP,TOT,PC_POP,A,2018,7.1,
FRA,FPOP,TOT,PC_POP,A,2019,7.3,
POL,FPOP,TOT,PC_POP,A,2003,0.1,
POL,FPOP,TOT,PC_POP,A,2007,0.1,
POL,FPOP,TOT,PC_POP,A,2008,0.1,
POL,FPOP,TOT,PC_POP,A,2009,0.2,
POL,FPOP,TOT,PC_POP,A,2010,0.2,
POL,FPOP,TOT,PC_POP,A,2011,0.2,
POL,FPOP,TOT,PC_POP,A,2012,0.2,
POL,FPOP,TOT,PC_POP,A,2013,0.2,
POL,FPOP,TOT,PC_POP,A,2014,0.3,
POL,FPOP,TOT,PC_POP,A,2015,0.3,
POL,FPOP,TOT,PC_POP,A,2016,0.4,
POL,FPOP,TOT,PC_POP,A,2017,0.6,
POL,FPOP,TOT,PC_POP,A,2018,0.6,
ESP,FPOP,TOT,PC_POP,A,2002,4.9,
ESP,FPOP,TOT,PC_POP,A,2003,6.4,
ESP,FPOP,TOT,PC_POP,A,2004,7,
ESP,FPOP,TOT,PC_POP,A,2005,8.5,
ESP,FPOP,TOT,PC_POP,A,2006,9.3,
ESP,FPOP,TOT,PC_POP,A,2007,10,
ESP,FPOP,TOT,PC_POP,A,2008,11.1,
ESP,FPOP,TOT,PC_POP,A,2009,11.6,
ESP,FPOP,TOT,PC_POP,A,2010,11.6,
ESP,FPOP,TOT,PC_POP,A,2011,11.4,
ESP,FPOP,TOT,PC_POP,A,2012,11.2,
ESP,FPOP,TOT,PC_POP,A,2013,10.9,
ESP,FPOP,TOT,PC_POP,A,2014,10.1,
ESP,FPOP,TOT,PC_POP,A,2015,9.7,
ESP,FPOP,TOT,PC_POP,A,2016,9.5,
ESP,FPOP,TOT,PC_POP,A,2017,9.5,
ESP,FPOP,TOT,PC_POP,A,2018,9.9,
ESP,FPOP,TOT,PC_POP,A,2019,10.4,
GRC,FPOP,TOT,PC_POP,A,2000,2.6,
GRC,FPOP,TOT,PC_POP,A,2006,4.9,
GRC,FPOP,TOT,PC_POP,A,2007,5.1,
GRC,FPOP,TOT,PC_POP,A,2008,5.8,
GRC,FPOP,TOT,PC_POP,A,2009,6.7,
GRC,FPOP,TOT,PC_POP,A,2010,7.7,
GRC,FPOP,TOT,PC_POP,A,2011,7.5,
GRC,FPOP,TOT,PC_POP,A,2012,7,
GRC,FPOP,TOT,PC_POP,A,2013,7.2,
GRC,FPOP,TOT,PC_POP,A,2014,6.4,
GRC,FPOP,TOT,PC_POP,A,2015,6.6,
GRC,FPOP,TOT,PC_POP,A,2016,6.5,
GRC,FPOP,TOT,PC_POP,A,2017,5.1,
EST,FPOP,TOT,PC_POP,A,2002,20.1,
EST,FPOP,TOT,PC_POP,A,2003,19.5,
EST,FPOP,TOT,PC_POP,A,2012,15.9,
EST,FPOP,TOT,PC_POP,A,2013,16,
EST,FPOP,TOT,PC_POP,A,2014,16.1,
EST,FPOP,TOT,PC_POP,A,2015,16.1,
EST,FPOP,TOT,PC_POP,A,2016,16.1,
EST,FPOP,TOT,PC_POP,A,2017,16.2,
EST,FPOP,TOT,PC_POP,A,2018,16.4,
EST,FPOP,TOT,PC_POP,A,2019,16.3,
ISL,FPOP,TOT,PC_POP,A,2002,3.5,
ISL,FPOP,TOT,PC_POP,A,2003,3.6,
ISL,FPOP,TOT,PC_POP,A,2004,3.5,
ISL,FPOP,TOT,PC_POP,A,2005,3.6,
ISL,FPOP,TOT,PC_POP,A,2006,4.6,
ISL,FPOP,TOT,PC_POP,A,2007,6.1,
ISL,FPOP,TOT,PC_POP,A,2008,7.6,
ISL,FPOP,TOT,PC_POP,A,2009,7.8,
ISL,FPOP,TOT,PC_POP,A,2010,6.8,
ISL,FPOP,TOT,PC_POP,A,2011,6.6,
ISL,FPOP,TOT,PC_POP,A,2012,6.5,
ISL,FPOP,TOT,PC_POP,A,2013,6.6,
ISL,FPOP,TOT,PC_POP,A,2014,6.9,
ISL,FPOP,TOT,PC_POP,A,2015,7.4,
ISL,FPOP,TOT,PC_POP,A,2016,8,
ISL,FPOP,TOT,PC_POP,A,2017,9,
ISL,FPOP,TOT,PC_POP,A,2018,11.2,
ISL,FPOP,TOT,PC_POP,A,2019,13.1,
CAN,FPOP,TOT,PC_POP,A,2001,5.1,
CAN,FPOP,TOT,PC_POP,A,2006,5.4,
CAN,FPOP,TOT,PC_POP,A,2011,5.7,
CAN,FPOP,TOT,PC_POP,A,2016,6.6,
MEX,FPOP,TOT,PC_POP,A,2010,0.2,
MEX,FPOP,TOT,PC_POP,A,2011,0.2,
MEX,FPOP,TOT,PC_POP,A,2012,0.2,
MEX,FPOP,TOT,PC_POP,A,2013,0.2,
MEX,FPOP,TOT,PC_POP,A,2015,0.3,
MEX,FPOP,TOT,PC_POP,A,2016,0.3,
MEX,FPOP,TOT,PC_POP,A,2017,0.3,
MEX,FPOP,TOT,PC_POP,A,2018,0.3,
MEX,FPOP,TOT,PC_POP,A,2019,0.4,
TUR,FPOP,TOT,PC_POP,A,2008,0.1,
TUR,FPOP,TOT,PC_POP,A,2009,0.1,
TUR,FPOP,TOT,PC_POP,A,2010,0.2,
TUR,FPOP,TOT,PC_POP,A,2011,0.3,
TUR,FPOP,TOT,PC_POP,A,2012,0.3,
TUR,FPOP,TOT,PC_POP,A,2013,0.4,
TUR,FPOP,TOT,PC_POP,A,2014,0.6,
TUR,FPOP,TOT,PC_POP,A,2015,0.7,
TUR,FPOP,TOT,PC_POP,A,2016,0.8,
TUR,FPOP,TOT,PC_POP,A,2017,1,
TUR,FPOP,TOT,PC_POP,A,2018,1.1,
CHL,FPOP,TOT,PC_POP,A,2017,5.3,
LVA,FPOP,TOT,PC_POP,A,2004,22.8,
LVA,FPOP,TOT,PC_POP,A,2005,21.9,
LVA,FPOP,TOT,PC_POP,A,2006,20.8,
LVA,FPOP,TOT,PC_POP,A,2007,19.9,
LVA,FPOP,TOT,PC_POP,A,2008,18.9,
LVA,FPOP,TOT,PC_POP,A,2009,18.1,
LVA,FPOP,TOT,PC_POP,A,2010,17.3,
LVA,FPOP,TOT,PC_POP,A,2011,16.6,
LVA,FPOP,TOT,PC_POP,A,2012,15.9,
LVA,FPOP,TOT,PC_POP,A,2013,15.7,
LVA,FPOP,TOT,PC_POP,A,2014,15.3,
LVA,FPOP,TOT,PC_POP,A,2015,15.1,
LVA,FPOP,TOT,PC_POP,A,2016,14.7,
LVA,FPOP,TOT,PC_POP,A,2017,14.3,
LVA,FPOP,TOT,PC_POP,A,2018,14.1,
LVA,FPOP,TOT,PC_POP,A,2019,14,
LTU,FPOP,TOT,PC_POP,A,2005,1,
LTU,FPOP,TOT,PC_POP,A,2006,1,
LTU,FPOP,TOT,PC_POP,A,2007,1,
LTU,FPOP,TOT,PC_POP,A,2008,1,
LTU,FPOP,TOT,PC_POP,A,2009,1,
LTU,FPOP,TOT,PC_POP,A,2010,0.9,
LTU,FPOP,TOT,PC_POP,A,2011,0.8,
LTU,FPOP,TOT,PC_POP,A,2012,0.8,
LTU,FPOP,TOT,PC_POP,A,2013,0.8,
LTU,FPOP,TOT,PC_POP,A,2014,0.7,
LTU,FPOP,TOT,PC_POP,A,2015,0.8,
LTU,FPOP,TOT,PC_POP,A,2016,0.6,
LTU,FPOP,TOT,PC_POP,A,2017,0.7,
LTU,FPOP,TOT,PC_POP,A,2018,1,
LTU,FPOP,TOT,PC_POP,A,2019,1.7,
